Chambers, K., Onishi, K. H., & Fisher, C. (2003). Infants learn phonotactic regularities from brief auditory experience. Cognition, 87, B69â€"B77. ; https://doi.org/10.1016/s0010-0277(02)00233-0 ;
Chambers, K. E., Onishi, K. H., & Fisher, C. (2011). Representations for phonotactic learning in infancy. Language Learning & Development, 7, 287â€"308. ; https://doi.org/10.1080/15475441.2011.580447;
Cristia, A. (2006). Speech sound categories in language acquisition & learning. Unpublished Masters of Arts Thesis, Purdue University.  ; 
Cristia, A. & Peperkamp, S. (2012). Generalizing without encoding specifics: Infants infer phonotactic patterns on sound classes. BUCLD Proceedings, 36, 126-138.; 
Seidl, A., & Buckley, E. (2005). On the learning of arbitrary phonological rules. Language Learning & Development 1:289â€"316.;
Seidl, A., Cristia, A., Onishi, K. H., & Bernard, A. (2009). Allophonic & phonemic contrasts in infants learning of sound patterns. Language Learning & Development, 5, 191â€"202. ; https://doi.org/10.1080/15475440902754326; 